{"cameraMode":{"drawMode":0,"name":"Shaded","section":"Shading Mode"},"sceneLighting":false,"audioPlay":false,"sceneViewState":{"m_AlwaysRefresh":false,"showFog":true,"showSkybox":false,"showFlares":true,"showImageEffects":true,"showParticleSystems":true,"showVisualEffectGraphs":true,"m_FxEnabled":true},"in2DMode":false,"pivot":{"x":0.072357177734375,"y":4.439249515533447,"z":-2.003918170928955},"rotation":{"x":-0.49263596534729006,"y":0.0028686297591775657,"z":-0.0016254433430731297,"w":-0.870248556137085},"size":7.071067810058594,"orthographic":false}